c3d4e5f6g7h8i9j0k1l2m3n4o5p6a1b2,a1b2c3d4e5f6g7h8i9j0k1l2m3n
f6g7h8i9j0k1l2m3n4o5p6a1b2c3d4e5,a1b2c3d4e5f6g7h8i9j0k1l2m3n
e5f6g7h8i9j0k1l2m3n4o5p6a1b2c3d4,b2c3d4e5f6g7h8i9j0k1l2m3n4o
b2c3d4e5f6g7h8i9j0k1l2m3n4o5p6a1,c3d4e5f6g7h8i9j0k1l2m3n4o5p
f6g7h8i9j0k1l2m3n4o5p6a1b2c3d4e5,c3d4e5f6g7h8i9j0k1l2m3n4o5p
e5f6g7h8i9j0k1l2m3n4o5p6a1b2c3d5,d4e5f6g7h8i9j0k1l2m3n4o5p6q
b2c3d4e5f6g7h8i9j0k1l2m3n4o5p6a1,d4e5f6g7h8i9j0k1l2m3n4o5p6q
a1b2c3d4e5f6g7h8i9j0k1l2m3n4o5p6,e5f6g7h8i9j0k1l2m3n4o5p6q7r
d4e5f6g7h8i9j0k1l2m3n4o5p6a1b2c3,e5f6g7h8i9j0k1l2m3n4o5p6q7r
f6g7h8i9j0k1l2m3n4o5p6a1b2c3d4e5,e5f6g7h8i9j0k1l2m3n4o5p6q7r
l2m3n4o5p6a1b2c3d4e5f6g7h8i9j0k1,e5f6g7h8i9j0k1l2m3n4o5p6q7r
k1l2m3n4o5p6a1b2c3d4e5f6g7h8i9j0,f6g7h8i9j0k1l2m3n4o5p6q7r8s
a1b2c3d4e5f6g7h8i9j0k1l2m3n4o5p6,f6g7h8i9j0k1l2m3n4o5p6q7r8s
e5f6g7h8i9j0k1l2m3n4o5p6a1b2c3d4,g7h8i9j0k1l2m3n4o5p6q7r8s9t
h8i9j0k1l2m3n4o5p6a1b2c3d4e5f6g7,g7h8i9j0k1l2m3n4o5p6q7r8s9t
n4o5p6a1b2c3d4e5f6g7h8i9j0k1l2m3,h8i9j0k1l2m3n4o5p6q7r8s9t0u
k1l2m3n4o5p6a1b2c3d4e5f6g7h8i9j0,i9j0k1l2m3n4o5p6q7r8s9t0u1v
e5f6g7h8i9j0k1l2m3n4o5p6a1b2c3d4,i9j0k1l2m3n4o5p6q7r8s9t0u1v
d4e5f6g7h8i9j0k1l2m3n4o5p6a1b2c3,j0k1l2m3n4o5p6q7r8s9t0u1v2w
i9j0k1l2m3n4o5p6a1b2c3d4e5f6g7h8,j0k1l2m3n4o5p6q7r8s9t0u1v2w
i9j0k1l2m3n4o5p6a1b2c3d4e5f6g7h8,k1l2m3n4o5p6q7r8s9t0u1v2w3x
f6g7h8i9j0k1l2m3n4o5p6a1b2c3d4e5,l2m3n4o5p6q7r8s9t0u1v2w3x4y
l2m3n4o5p6a1b2c3d4e5f6g7h8i9j0k1,l2m3n4o5p6q7r8s9t0u1v2w3x4y
b2c3d4e5f6g7h8i9j0k1l2m3n4o5p6a2,l2m3n4o5p6q7r8s9t0u1v2w3x4y
j0k1l2m3n4o5p6a1b2c3d4e5f6g7h8i0,m3n4o5p6q7r8s9t0u1v2w3x4y5z
m3n4o5p6a1b2c3d4e5f6g7h8i9j0k1l3,m3n4o5p6q7r8s9t0u1v2w3x4y5z
d4e5f6g7h8i9j0k1l2m3n4o5p6a1b2c5,n4o5p6q7r8s9t0u1v2w3x4y5z6a
e5f6g7h8i9j0k1l2m3n4o5p6a1b2c3d5,n4o5p6q7r8s9t0u1v2w3x4y5z6a
f6g7h8i9j0k1l2m3n4o5p6a1b2c3d4e6,l2m3n4o5p6q7r8s9t0u1v2w3x4y
m3n4o5p6a1b2c3d4e5f6g7h8i9j0k1l3,o5p6q7r8s9t0u1v2w3x4y5z6a7b
c3d4e5f6g7h8i9j0k1l2m3n4o5p6a1b4,o5p6q7r8s9t0u1v2w3x4y5z6a7b
b2c3d4e5f6g7h8i9j0k1l2m3n4o5p6a1,o5p6q7r8s9t0u1v2w3x4y5z6a7b
f6g7h8i9j0k1l2m3n4o5p6a1b2c3d4e5,o5p6q7r8s9t0u1v2w3x4y5z6a7b
l2m3n4o5p6a1b2c3d4e5f6g7h8i9j0k1,o5p6q7r8s9t0u1v2w3x4y5z6a7b
b2c3d4e5f6g7h8i9j0k1l2m3n4o5p6a2,o5p6q7r8s9t0u1v2w3x4y5z6a7b
d4e5f6g7h8i9j0k1l2m3n4o5p6a1b2c4,p6q7r8s9t0u1v2w3x4y5z6a7b8c
d4e5f6g7h8i9j0k1l2m3n4o5p6a1b2c4,q7r8s9t0u1v2w3x4y5z6a7b8c9d
l2m3n4o5p6a1b2c3d4e5f6g7h8i9j0k3,q7r8s9t0u1v2w3x4y5z6a7b8c9d
j0k1l2m3n4o5p6a1b2c3d4e5f6g7h8i1,q7r8s9t0u1v2w3x4y5z6a7b8c9d
e5f6g7h8i9j0k1l2m3n4o5p6a1b2c3d4,r8s9t0u1v2w3x4y5z6a7b8c9d0e
i9j0k1l2m3n4o5p6a1b2c3d4e5f6g7h8,s9t0u1v2w3x4y5z6a7b8c9d0e1f
k1l2m3n4o5p6a1b2c3d4e5f6g7h8i9j0,t0u1v2w3x4y5z6a7b8c9d0e1f2g
