a1b2c3d4e5f6g7h8i9j0k1l2m3n,2b3c4d5e6f7g8h9i0j1k2l3m4n,65,2018-05-12
b2c3d4e5f6g7h8i9j0k1l2m3n4o,3c4d5e6f7g8h9i0j1k2l3m4n5o,40,2019-07-23
c3d4e5f6g7h8i9j0k1l2m3n4o5p,4d5e6f7g8h9i0j1k2l3m4n5o6p,20,2020-11-18
d4e5f6g7h8i9j0k1l2m3n4o5p6q,5e6f7g8h9i0j1k2l3m4n5o6p7q,15,2018-03-27
e5f6g7h8i9j0k1l2m3n4o5p6q7r,6f7g8h9i0j1k2l3m4n5o6p7q8r,60,2021-09-30
f6g7h8i9j0k1l2m3n4o5p6q7r8s,7g8h9i0j1k2l3m4n5o6p7q8r9s,45,2019-12-14
g7h8i9j0k1l2m3n4o5p6q7r8s9t,8h9i0j1k2l3m4n5o6p7q8r9s0t,70,2020-02-29
h8i9j0k1l2m3n4o5p6q7r8s9t0u,1a2b3c4d5e6f7g8h9i0j1k2l3m,30,2018-08-15
i9j0k1l2m3n4o5p6q7r8s9t0u1v,y34rd78wer7jdero7djofseorw,55,2021-04-21
j0k1l2m3n4o5p6q7r8s9t0u1v2w,wesr1d5f6tsaSzd65x1fs8dfc5,40,2019-06-10
k1l2m3n4o5p6q7r8s9t0u1v2w3x,nb3vfd6f8gh6v4bn51vcxd9fx8,20,2020-10-07
l2m3n4o5p6q7r8s9t0u1v2w3x4y,ghjhkg84f6cv513vg86es4dfxc,15,2018-01-19
m3n4o5p6q7r8s9t0u1v2w3x4y5z,4d54ste5dyrtugiuhijjjyhtg6,60,2021-07-25
n4o5p6q7r8s9t0u1v2w3x4y5z6a,o8y9yrhaoiwef06s5df0fsd5sf,45,2019-11-11
o5p6q7r8s9t0u1v2w3x4y5z6a7b,9438yteihufdkjj3928rifudss,70,2020-05-03
p6q7r8s9t0u1v2w3x4y5z6a7b8c,9i0j1k2l3m4n5o6p7q8r9s0t1u,30,2018-09-29
q7r8s9t0u1v2w3x4y5z6a7b8c9d,0j1k2l3m4n5o6p7q8r9s0t1u2v,55,2021-03-15
r8s9t0u1v2w3x4y5z6a7b8c9d0e,1k2l3m4n5o6p7q8r9s0t1u2v3w,40,2019-05-22
s9t0u1v2w3x4y5z6a7b8c9d0e1f,2l3m4n5o6p7q8r9s0t1u2v3w4x,20,2020-08-18
t0u1v2w3x4y5z6a7b8c9d0e1f2g,3m4n5o6p7q8r9s0t1u2v3w4x5y,15,2018-02-14
