a1b2c3d4e5f6g7h8i9j0k1l2m3n4o5p6,a1b2c3d4e5f6g7h8i9j0klmnop
b2c3d4e5f6g7h8i9j0k1l2m3n4o5p6a1,a1b2c3d4e5f6g7h8i9j0klmnop
c3d4e5f6g7h8i9j0k1l2m3n4o5p6a1b2,a1b2c3d4e5f6g7h8i9j0klmnop
d4e5f6g7h8i9j0k1l2m3n4o5p6a1b2c3,a1b2c3d4e5f6g7h8i9j0klmnop
e5f6g7h8i9j0k1l2m3n4o5p6a1b2c3d4,q1w2e3r4t5y6u7i8o9p0asdfg
f6g7h8i9j0k1l2m3n4o5p6a1b2c3d4e5,q1w2e3r4t5y6u7i8o9p0asdfg
g7h8i9j0k1l2m3n4o5p6a1b2c3d4e5f6,q1w2e3r4t5y6u7i8o9p0asdfg
h8i9j0k1l2m3n4o5p6a1b2c3d4e5f6g7,q1w2e3r4t5y6u7i8o9p0asdfg
i9j0k1l2m3n4o5p6a1b2c3d4e5f6g7h8,h1j2k3l4z5x6c7v8b9n0m1q2w
j0k1l2m3n4o5p6a1b2c3d4e5f6g7h8i9,h1j2k3l4z5x6c7v8b9n0m1q2w
k1l2m3n4o5p6a1b2c3d4e5f6g7h8i9j0,h1j2k3l4z5x6c7v8b9n0m1q2w
l2m3n4o5p6a1b2c3d4e5f6g7h8i9j0k1,h1j2k3l4z5x6c7v8b9n0m1q2w
m3n4o5p6a1b2c3d4e5f6g7h8i9j0k1l2,e1r2t3y4u5io7p8a9s0d1f2g
n4o5p6a1b2c3d4e5f6g7h8i9j0k1l2m3,e1r2t3y4u5io7p8a9s0d1f2g
o5p6a1b2c3d4e5f6g7h8i9j0k1l2m3n4,e1r2t3y4u5io7p8a9s0d1f2g
p6a1b2c3d4e5f6g7h8i9j0k1l2m3n4o5,e1r2t3y4u5io7p8a9s0d1f2g
a1b2c3d4e5f6g7h8i9j0k1l2m3n4o5p7,b1n2m3q4w5e6r7t8y9u0i1o2p
b2c3d4e5f6g7h8i9j0k1l2m3n4o5p6a2,b1n2m3q4w5e6r7t8y9u0i1o2p
c3d4e5f6g7h8i9j0k1l2m3n4o5p6a1b3,b1n2m3q4w5e6r7t8y9u0i1o2p
d4e5f6g7h8i9j0k1l2m3n4o5p6a1b2c4,b1n2m3q4w5e6r7t8y9u0i1o2p
e5f6g7h8i9j0k1l2m3n4o5p6a1b2c3d5,z1x2c3v4b5n6m7l8k9j0h1g2f
f6g7h8i9j0k1l2m3n4o5p6a1b2c3d4e6,z1x2c3v4b5n6m7l8k9j0h1g2f
g7h8i9j0k1l2m3n4o5p6a1b2c3d4e5f7,z1x2c3v4b5n6m7l8k9j0h1g2f
h8i9j0k1l2m3n4o5p6a1b2c3d4e5f6g8,z1x2c3v4b5n6m7l8k9j0h1g2f
i9j0k1l2m3n4o5p6a1b2c3d4e5f6g7h9,p1o2i3u4y5t6re8w9q0a1s2d
j0k1l2m3n4o5p6a1b2c3d4e5f6g7h8i0,p1o2i3u4y5t6re8w9q0a1s2d
k1l2m3n4o5p6a1b2c3d4e5f6g7h8i9j1,p1o2i3u4y5t6re8w9q0a1s2d
l2m3n4o5p6a1b2c3d4e5f6g7h8i9j0k2,p1o2i3u4y5t6re8w9q0a1s2d
m3n4o5p6a1b2c3d4e5f6g7h8i9j0k1l3,f1g2h3j4k5l6z7x8c9v0b1n2
n4o5p6a1b2c3d4e5f6g7h8i9j0k1l2m4,f1g2h3j4k5l6z7x8c9v0b1n2
o5p6a1b2c3d4e5f6g7h8i9j0k1l2m3n5,f1g2h3j4k5l6z7x8c9v0b1n2
p6a1b2c3d4e5f6g7h8i9j0k1l2m3n4o6,f1g2h3j4k5l6z7x8c9v0b1n2
a1b2c3d4e5f6g7h8i9j0k1l2m3n4o5p8,m1n2b3v4c5x6z7l8k9j0h1g2
b2c3d4e5f6g7h8i9j0k1l2m3n4o5p6a3,m1n2b3v4c5x6z7l8k9j0h1g2
c3d4e5f6g7h8i9j0k1l2m3n4o5p6a1b4,m1n2b3v4c5x6z7l8k9j0h1g2
d4e5f6g7h8i9j0k1l2m3n4o5p6a1b2c5,m1n2b3v4c5x6z7l8k9j0h1g2
e5f6g7h8i9j0k1l2m3n4o5p6a1b2c3d6,q1a2z3w4s5x6e7d8c9r0f1v2
f6g7h8i9j0k1l2m3n4o5p6a1b2c3d4e7,q1a2z3w4s5x6e7d8c9r0f1v2
g7h8i9j0k1l2m3n4o5p6a1b2c3d4e5f8,q1a2z3w4s5x6e7d8c9r0f1v2
h8i9j0k1l2m3n4o5p6a1b2c3d4e5f6g9,q1a2z3w4s5x6e7d8c9r0f1v2
i9j0k1l2m3n4o5p6a1b2c3d4e5f6g7h0,t1y2u3i4o5p6a7s8d9f0g1h2j
j0k1l2m3n4o5p6a1b2c3d4e5f6g7h8i1,t1y2u3i4o5p6a7s8d9f0g1h2j
k1l2m3n4o5p6a1b2c3d4e5f6g7h8i9j2,t1y2u3i4o5p6a7s8d9f0g1h2j
l2m3n4o5p6a1b2c3d4e5f6g7h8i9j0k3,t1y2u3i4o5p6a7s8d9f0g1h2j
m3n4o5p6a1b2c3d4e5f6g7h8i9j0k1l4,1l2j3h4g5f6d7s8a9q0w1e2r
n4o5p6a1b2c3d4e5f6g7h8i9j0k1l2m5,1l2j3h4g5f6d7s8a9q0w1e2r
o5p6a1b2c3d4e5f6g7h8i9j0k1l2m3n6,1l2j3h4g5f6d7s8a9q0w1e2r
p6a1b2c3d4e5f6g7h8i9j0k1l2m3n4o7,1l2j3h4g5f6d7s8a9q0w1e2r
a1b2c3d4e5f6g7h8i9j0k1l2m3n4o5p9,u1i2o3p4a5s6d7f8g9h0j1k2l
b2c3d4e5f6g7h8i9j0k1l2m3n4o5p6a4,u1i2o3p4a5s6d7f8g9h0j1k2l
c3d4e5f6g7h8i9j0k1l2m3n4o5p6a1b5,u1i2o3p4a5s6d7f8g9h0j1k2l
d4e5f6g7h8i9j0k1l2m3n4o5p6a1b2c6,u1i2o3p4a5s6d7f8g9h0j1k2l
e5f6g7h8i9j0k1l2m3n4o5p6a1b2c3d7,w1e2r3t4y5u6i7o8p9a0s1d2f
f6g7h8i9j0k1l2m3n4o5p6a1b2c3d4e8,w1e2r3t4y5u6i7o8p9a0s1d2f
g7h8i9j0k1l2m3n4o5p6a1b2c3d4e5f9,w1e2r3t4y5u6i7o8p9a0s1d2f
h8i9j0k1l2m3n4o5p6a1b2c3d4e5f6g0,w1e2r3t4y5u6i7o8p9a0s1d2f
i9j0k1l2m3n4o5p6a1b2c3d4e5f6g7h1,g1h2j3k4l5z6x7c8v9b0n1m2
j0k1l2m3n4o5p6a1b2c3d4e5f6g7h8i2,g1h2j3k4l5z6x7c8v9b0n1m2
k1l2m3n4o5p6a1b2c3d4e5f6g7h8i9j3,g1h2j3k4l5z6x7c8v9b0n1m2
l2m3n4o5p6a1b2c3d4e5f6g7h8i9j0k4,g1h2j3k4l5z6x7c8v9b0n1m2
k1l2m3n4o5p6a1b2c3d4e5f6g7h8i9j3,a1b2c3d4e5f6g7h8i9j0klmnop
e5f6g7h8i9j0k1l2m3n4o5p6a1b2c3d7,a1b2c3d4e5f6g7h8i9j0klmnop
l2m3n4o5p6a1b2c3d4e5f6g7h8i9j0k4,q1w2e3r4t5y6u7i8o9p0asdfg
p6a1b2c3d4e5f6g7h8i9j0k1l2m3n4o6,q1w2e3r4t5y6u7i8o9p0asdfg
c3d4e5f6g7h8i9j0k1l2m3n4o5p6a1b2,h1j2k3l4z5x6c7v8b9n0m1q2w
o5p6a1b2c3d4e5f6g7h8i9j0k1l2m3n4,h1j2k3l4z5x6c7v8b9n0m1q2w
d4e5f6g7h8i9j0k1l2m3n4o5p6a1b2c5,e1r2t3y4u5io7p8a9s0d1f2g
c3d4e5f6g7h8i9j0k1l2m3n4o5p6a1b5,e1r2t3y4u5io7p8a9s0d1f2g
g7h8i9j0k1l2m3n4o5p6a1b2c3d4e5f7,b1n2m3q4w5e6r7t8y9u0i1o2p
h8i9j0k1l2m3n4o5p6a1b2c3d4e5f6g7,b1n2m3q4w5e6r7t8y9u0i1o2p
k1l2m3n4o5p6a1b2c3d4e5f6g7h8i9j3,z1x2c3v4b5n6m7l8k9j0h1g2f
k1l2m3n4o5p6a1b2c3d4e5f6g7h8i9j2,p1o2i3u4y5t6re8w9q0a1s2d
i9j0k1l2m3n4o5p6a1b2c3d4e5f6g7h9,f1g2h3j4k5l6z7x8c9v0b1n2
b2c3d4e5f6g7h8i9j0k1l2m3n4o5p6a1,m1n2b3v4c5x6z7l8k9j0h1g2
j0k1l2m3n4o5p6a1b2c3d4e5f6g7h8i1,q1a2z3w4s5x6e7d8c9r0f1v2
c3d4e5f6g7h8i9j0k1l2m3n4o5p6a1b5,t1y2u3i4o5p6a7s8d9f0g1h2j
c3d4e5f6g7h8i9j0k1l2m3n4o5p6a1b5,1l2j3h4g5f6d7s8a9q0w1e2r
b2c3d4e5f6g7h8i9j0k1l2m3n4o5p6a2,u1i2o3p4a5s6d7f8g9h0j1k2l
b2c3d4e5f6g7h8i9j0k1l2m3n4o5p6a3,w1e2r3t4y5u6i7o8p9a0s1d2f
n4o5p6a1b2c3d4e5f6g7h8i9j0k1l2m3,g1h2j3k4l5z6x7c8v9b0n1m2
