2b3c4d5e6f7g8h9i0j1k2l3m4n,a1b2c3d4e5f6g7h8i9j0,2018-03-15,2018-04-20
2b3c4d5e6f7g8h9i0j1k2l3m4n,k9l8m7n6o5p4q3r2s1t0,2019-07-12,
3c4d5e6f7g8h9i0j1k2l3m4n5o,u0v1w2x3y4z5a6b7c8d9,2020-10-05,2020-12-15
4d5e6f7g8h9i0j1k2l3m4n5o6p,e9f8g7h6i5j4k3l2m1n0,2021-01-25,
4d5e6f7g8h9i0j1k2l3m4n5o6p,o1p2q3r4s5t6u7v8w9x0,2021-06-30,2021-08-10
4d5e6f7g8h9i0j1k2l3m4n5o6p,y0z1a2b3c4d5e6f7g8h9,2022-02-14,
5e6f7g8h9i0j1k2l3m4n5o6p7q,i9j8k7l6m5n4o3p2q1r0,2018-11-23,2019-01-10
5e6f7g8h9i0j1k2l3m4n5o6p7q,s0t1u2v3w4x5y6z7a8b9,2019-05-18,
6f7g8h9i0j1k2l3m4n5o6p7q8r,c9d8e7f6g5h4i3j2k1l0,2020-08-07,2020-09-30
6f7g8h9i0j1k2l3m4n5o6p7q8r,m1n2o3p4q5r6s7t8u9v0,2021-04-12,
7g8h9i0j1k2l3m4n5o6p7q8r9s,w0x1y2z3a4b5c6d7e8f9,2018-07-01,2018-08-15
7g8h9i0j1k2l3m4n5o6p7q8r9s,g9h8i7j6k5l4m3n2o1p0,2019-09-20,
7g8h9i0j1k2l3m4n5o6p7q8r9s,q1r2s3t4u5v6w7x8y9z0,2020-03-10,2020-05-05
8h9i0j1k2l3m4n5o6p7q8r9s0t,a1b2c3d4e5f6g7h8i9j0,2021-11-15,
1a2b3c4d5e6f7g8h9i0j1k2l3m,k9l8m7n6o5p4q3r2s1t0,2018-12-25,2019-02-20
1a2b3c4d5e6f7g8h9i0j1k2l3m,u0v1w2x3y4z5a6b7c8d9,2019-06-10,
1a2b3c4d5e6f7g8h9i0j1k2l3m,e9f8g7h6i5j4k3l2m1n0,2020-01-05,2020-03-15
y34rd78wer7jdero7djofseorw,o1p2q3r4s5t6u7v8w9x0,2021-07-30,
y34rd78wer7jdero7djofseorw,k9l8m7n6o5p4q3r2s1t0,2022-02-20,2022-04-01
wesr1d5f6tsaSzd65x1fs8dfc5,u0v1w2x3y4z5a6b7c8d9,2018-04-10,2018-05-25
wesr1d5f6tsaSzd65x1fs8dfc5,e9f8g7h6i5j4k3l2m1n0,2019-08-15,
wesr1d5f6tsaSzd65x1fs8dfc5,o1p2q3r4s5t6u7v8w9x0,2020-12-01,2021-01-20
nb3vfd6f8gh6v4bn51vcxd9fx8,y0z1a2b3c4d5e6f7g8h9,2021-05-05,
ghjhkg84f6cv513vg86es4dfxc,i9j8k7l6m5n4o3p2q1r0,2018-09-20,2018-11-10
ghjhkg84f6cv513vg86es4dfxc,s0t1u2v3w4x5y6z7a8b9,2019-03-15,
4d54ste5dyrtugiuhijjjyhtg6,c9d8e7f6g5h4i3j2k1l0,2020-06-25,2020-08-05
4d54ste5dyrtugiuhijjjyhtg6,m1n2o3p4q5r6s7t8u9v0,2021-01-10,
o8y9yrhaoiwef06s5df0fsd5sf,w0x1y2z3a4b5c6d7e8f9,2018-02-28,2018-04-15
o8y9yrhaoiwef06s5df0fsd5sf,g9h8i7j6k5l4m3n2o1p0,2019-07-20,
